STRUCTURE,STRUCTURE_ID,STRUCTURE_NAME,ACTION,REF_AREA,Reference area,MEASURE,Measure,EDUCATION_LEV,Education level,EXP_SOURCE,Financing source,EXP_DESTINATION,Destination of expenditure,EXPENDITURE_TYPE,Type of expenditure,PRICE_BASE,Price base,UNIT_MEASURE,Unit of measure,Q_SHEET,Questionnaire sheet,TIME_PERIOD,Time period,OBS_VALUE,Observation value,OBS_STATUS,Observation status,UNIT_MULT,Unit multiplier,DECIMALS,Decimals,BASE_PER,Base period,Q_SHEET_ROW_ID,Questionnaire row ID
DATAFLOW,OECD.EDU.IMEP:DSD_EAG_UOE_FIN@DF_UOE_FIN_INDIC_SOURCE_NATURE(3.0),"Full dataset - Indicators, source, destination and nature of expenditure on education",I,USA,United States,EXP,Expenditure on education,ISCED11_5T8,Tertiary education,S13,General government,INST_EDU,All educational institutions,DIR_EXP,Expenditure for educational institutions,V,Current prices,XDC,National currency,SOURCE,FIN1-SOURCE - Source of expenditure on education,2021,,201415.696397314,,A,Normal value,6,Millions,0,Zero,,,G5,"G5: Government sources, Expenditure of all levels consolidated, Direct expenditure for educational institutions, Total: Direct expenditure for all educational institutions"
DATAFLOW,OECD.EDU.IMEP:DSD_EAG_UOE_FIN@DF_UOE_FIN_INDIC_SOURCE_NATURE(3.0),"Full dataset - Indicators, source, destination and nature of expenditure on education",I,EU25,European Union (25 countries),EXP,Expenditure on education,ISCED11_5T8,Tertiary education,S13,General government,INST_EDU,All educational institutions,DIR_EXP,Expenditure for educational institutions,V,Current prices,XDC,National currency,SOURCE,FIN1-SOURCE - Source of expenditure on education,2021,,41465.23074,,A,Normal value,6,Millions,0,Zero,,,G5,"G5: Government sources, Expenditure of all levels consolidated, Direct expenditure for educational institutions, Total: Direct expenditure for all educational institutions"
DATAFLOW,OECD.EDU.IMEP:DSD_EAG_UOE_FIN@DF_UOE_FIN_INDIC_SOURCE_NATURE(3.0),"Full dataset - Indicators, source, destination and nature of expenditure on education",I,CAN,Canada,EXP,Expenditure on education,ISCED11_5T8,Tertiary education,S13,General government,INST_EDU,All educational institutions,DIR_EXP,Expenditure for educational institutions,V,Current prices,XDC,National currency,SOURCE,FIN1-SOURCE - Source of expenditure on education,2021,,27606.907,,A,Normal value,6,Millions,0,Zero,,,G5,"G5: Government sources, Expenditure of all levels consolidated, Direct expenditure for educational institutions, Total: Direct expenditure for all educational institutions"
DATAFLOW,OECD.EDU.IMEP:DSD_EAG_UOE_FIN@DF_UOE_FIN_INDIC_SOURCE_NATURE(3.0),"Full dataset - Indicators, source, destination and nature of expenditure on education",I,CHL,Chile,EXP,Expenditure on education,ISCED11_5T8,Tertiary education,S13,General government,INST_EDU,All educational institutions,DIR_EXP,Expenditure for educational institutions,V,Current prices,XDC,National currency,SOURCE,FIN1-SOURCE - Source of expenditure on education,2021,,2242944.54728625,,A,Normal value,6,Millions,0,Zero,,,G5,"G5: Government sources, Expenditure of all levels consolidated, Direct expenditure for educational institutions, Total: Direct expenditure for all educational institutions"
DATAFLOW,OECD.EDU.IMEP:DSD_EAG_UOE_FIN@DF_UOE_FIN_INDIC_SOURCE_NATURE(3.0),"Full dataset - Indicators, source, destination and nature of expenditure on education",I,LUX,Luxembourg,EXP,Expenditure on education,ISCED11_5T8,Tertiary education,S13,General government,INST_EDU,All educational institutions,DIR_EXP,Expenditure for educational institutions,V,Current prices,XDC,National currency,SOURCE,FIN1-SOURCE - Source of expenditure on education,2021,,310.648945996973,,A,Normal value,6,Millions,0,Zero,,,G5,"G5: Government sources, Expenditure of all levels consolidated, Direct expenditure for educational institutions, Total: Direct expenditure for all educational institutions"
DATAFLOW,OECD.EDU.IMEP:DSD_EAG_UOE_FIN@DF_UOE_FIN_INDIC_SOURCE_NATURE(3.0),"Full dataset - Indicators, source, destination and nature of expenditure on education",I,OECD,OECD,EXP,Expenditure on education,ISCED11_5T8,Tertiary education,S13,General government,INST_EDU,All educational institutions,DIR_EXP,Expenditure for educational institutions,V,Current prices,XDC,National currency,SOURCE,FIN1-SOURCE - Source of expenditure on education,2022,,,,O,Missing value,6,Millions,0,Zero,,,G5,"G5: Government sources, Expenditure of all levels consolidated, Direct expenditure for educational institutions, Total: Direct expenditure for all educational institutions"
DATAFLOW,OECD.EDU.IMEP:DSD_EAG_UOE_FIN@DF_UOE_FIN_INDIC_SOURCE_NATURE(3.0),"Full dataset - Indicators, source, destination and nature of expenditure on education",I,ITA,Italy,EXP,Expenditure on education,ISCED11_5T8,Tertiary education,S13,General government,INST_EDU,All educational institutions,DIR_EXP,Expenditure for educational institutions,V,Current prices,XDC,National currency,SOURCE,FIN1-SOURCE - Source of expenditure on education,2021,,10688.9584945571,,A,Normal value,6,Millions,0,Zero,,,G5,"G5: Government sources, Expenditure of all levels consolidated, Direct expenditure for educational institutions, Total: Direct expenditure for all educational institutions"
DATAFLOW,OECD.EDU.IMEP:DSD_EAG_UOE_FIN@DF_UOE_FIN_INDIC_SOURCE_NATURE(3.0),"Full dataset - Indicators, source, destination and nature of expenditure on education",I,SVN,Slovenia,EXP,Expenditure on education,ISCED11_5T8,Tertiary education,S13,General government,INST_EDU,All educational institutions,DIR_EXP,Expenditure for educational institutions,V,Current prices,XDC,National currency,SOURCE,FIN1-SOURCE - Source of expenditure on education,2021,,513.777708372996,,A,Normal value,6,Millions,0,Zero,,,G5,"G5: Government sources, Expenditure of all levels consolidated, Direct expenditure for educational institutions, Total: Direct expenditure for all educational institutions"
DATAFLOW,OECD.EDU.IMEP:DSD_EAG_UOE_FIN@DF_UOE_FIN_INDIC_SOURCE_NATURE(3.0),"Full dataset - Indicators, source, destination and nature of expenditure on education",I,ESP,Spain,EXP,Expenditure on education,ISCED11_5T8,Tertiary education,S13,General government,INST_EDU,All educational institutions,DIR_EXP,Expenditure for educational institutions,V,Current prices,XDC,National currency,SOURCE,FIN1-SOURCE - Source of expenditure on education,2021,,11746.159,,A,Normal value,6,Millions,0,Zero,,,G5,"G5: Government sources, Expenditure of all levels consolidated, Direct expenditure for educational institutions, Total: Direct expenditure for all educational institutions"
DATAFLOW,OECD.EDU.IMEP:DSD_EAG_UOE_FIN@DF_UOE_FIN_INDIC_SOURCE_NATURE(3.0),"Full dataset - Indicators, source, destination and nature of expenditure on education",I,AUS,Australia,EXP,Expenditure on education,ISCED11_5T8,Tertiary education,S13,General government,INST_EDU,All educational institutions,DIR_EXP,Expenditure for educational institutions,V,Current prices,XDC,National currency,SOURCE,FIN1-SOURCE - Source of expenditure on education,2021,,14469.3755319592,,A,Normal value,6,Millions,0,Zero,,,G5,"G5: Government sources, Expenditure of all levels consolidated, Direct expenditure for educational institutions, Total: Direct expenditure for all educational institutions"
DATAFLOW,OECD.EDU.IMEP:DSD_EAG_UOE_FIN@DF_UOE_FIN_INDIC_SOURCE_NATURE(3.0),"Full dataset - Indicators, source, destination and nature of expenditure on education",I,CZE,Czechia,EXP,Expenditure on education,ISCED11_5T8,Tertiary education,S13,General government,INST_EDU,All educational institutions,DIR_EXP,Expenditure for educational institutions,V,Current prices,XDC,National currency,SOURCE,FIN1-SOURCE - Source of expenditure on education,2021,,54290.7837550844,,A,Normal value,6,Millions,0,Zero,,,G5,"G5: Government sources, Expenditure of all levels consolidated, Direct expenditure for educational institutions, Total: Direct expenditure for all educational institutions"
DATAFLOW,OECD.EDU.IMEP:DSD_EAG_UOE_FIN@DF_UOE_FIN_INDIC_SOURCE_NATURE(3.0),"Full dataset - Indicators, source, destination and nature of expenditure on education",I,DNK,Denmark,EXP,Expenditure on education,ISCED11_5T8,Tertiary education,S13,General government,INST_EDU,All educational institutions,DIR_EXP,Expenditure for educational institutions,V,Current prices,XDC,National currency,SOURCE,FIN1-SOURCE - Source of expenditure on education,2021,,40722.2,,A,Normal value,6,Millions,0,Zero,,,G5,"G5: Government sources, Expenditure of all levels consolidated, Direct expenditure for educational institutions, Total: Direct expenditure for all educational institutions"
DATAFLOW,OECD.EDU.IMEP:DSD_EAG_UOE_FIN@DF_UOE_FIN_INDIC_SOURCE_NATURE(3.0),"Full dataset - Indicators, source, destination and nature of expenditure on education",I,EST,Estonia,EXP,Expenditure on education,ISCED11_5T8,Tertiary education,S13,General government,INST_EDU,All educational institutions,DIR_EXP,Expenditure for educational institutions,V,Current prices,XDC,National currency,SOURCE,FIN1-SOURCE - Source of expenditure on education,2021,,339.266,,A,Normal value,6,Millions,0,Zero,,,G5,"G5: Government sources, Expenditure of all levels consolidated, Direct expenditure for educational institutions, Total: Direct expenditure for all educational institutions"
DATAFLOW,OECD.EDU.IMEP:DSD_EAG_UOE_FIN@DF_UOE_FIN_INDIC_SOURCE_NATURE(3.0),"Full dataset - Indicators, source, destination and nature of expenditure on education",I,FIN,Finland,EXP,Expenditure on education,ISCED11_5T8,Tertiary education,S13,General government,INST_EDU,All educational institutions,DIR_EXP,Expenditure for educational institutions,V,Current prices,XDC,National currency,SOURCE,FIN1-SOURCE - Source of expenditure on education,2021,,3505.77890213826,,A,Normal value,6,Millions,0,Zero,,,G5,"G5: Government sources, Expenditure of all levels consolidated, Direct expenditure for educational institutions, Total: Direct expenditure for all educational institutions"
DATAFLOW,OECD.EDU.IMEP:DSD_EAG_UOE_FIN@DF_UOE_FIN_INDIC_SOURCE_NATURE(3.0),"Full dataset - Indicators, source, destination and nature of expenditure on education",I,CRI,Costa Rica,EXP,Expenditure on education,ISCED11_5T8,Tertiary education,S13,General government,INST_EDU,All educational institutions,DIR_EXP,Expenditure for educational institutions,V,Current prices,XDC,National currency,SOURCE,FIN1-SOURCE - Source of expenditure on education,2022,,567761.7270497,,A,Normal value,6,Millions,0,Zero,,,G5,"G5: Government sources, Expenditure of all levels consolidated, Direct expenditure for educational institutions, Total: Direct expenditure for all educational institutions"
DATAFLOW,OECD.EDU.IMEP:DSD_EAG_UOE_FIN@DF_UOE_FIN_INDIC_SOURCE_NATURE(3.0),"Full dataset - Indicators, source, destination and nature of expenditure on education",I,CRI,Costa Rica,EXP,Expenditure on education,ISCED11_5T8,Tertiary education,S13,General government,INST_EDU,All educational institutions,DIR_EXP,Expenditure for educational institutions,V,Current prices,XDC,National currency,SOURCE,FIN1-SOURCE - Source of expenditure on education,2021,,533709.76,,A,Normal value,6,Millions,0,Zero,,,G5,"G5: Government sources, Expenditure of all levels consolidated, Direct expenditure for educational institutions, Total: Direct expenditure for all educational institutions"
DATAFLOW,OECD.EDU.IMEP:DSD_EAG_UOE_FIN@DF_UOE_FIN_INDIC_SOURCE_NATURE(3.0),"Full dataset - Indicators, source, destination and nature of expenditure on education",I,DEU,Germany,EXP,Expenditure on education,ISCED11_5T8,Tertiary education,S13,General government,INST_EDU,All educational institutions,DIR_EXP,Expenditure for educational institutions,V,Current prices,XDC,National currency,SOURCE,FIN1-SOURCE - Source of expenditure on education,2021,,39937.03,,A,Normal value,6,Millions,0,Zero,,,G5,"G5: Government sources, Expenditure of all levels consolidated, Direct expenditure for educational institutions, Total: Direct expenditure for all educational institutions"
DATAFLOW,OECD.EDU.IMEP:DSD_EAG_UOE_FIN@DF_UOE_FIN_INDIC_SOURCE_NATURE(3.0),"Full dataset - Indicators, source, destination and nature of expenditure on education",I,SWE,Sweden,EXP,Expenditure on education,ISCED11_5T8,Tertiary education,S13,General government,INST_EDU,All educational institutions,DIR_EXP,Expenditure for educational institutions,V,Current prices,XDC,National currency,SOURCE,FIN1-SOURCE - Source of expenditure on education,2021,,71383.447631,,A,Normal value,6,Millions,0,Zero,,,G5,"G5: Government sources, Expenditure of all levels consolidated, Direct expenditure for educational institutions, Total: Direct expenditure for all educational institutions"
DATAFLOW,OECD.EDU.IMEP:DSD_EAG_UOE_FIN@DF_UOE_FIN_INDIC_SOURCE_NATURE(3.0),"Full dataset - Indicators, source, destination and nature of expenditure on education",I,ARG,Argentina,EXP,Expenditure on education,ISCED11_5T8,Tertiary education,S13,General government,INST_EDU,All educational institutions,DIR_EXP,Expenditure for educational institutions,V,Current prices,XDC,National currency,SOURCE,FIN1-SOURCE - Source of expenditure on education,2021,,423470.529375734,,A,Normal value,6,Millions,0,Zero,,,G5,"G5: Government sources, Expenditure of all levels consolidated, Direct expenditure for educational institutions, Total: Direct expenditure for all educational institutions"
DATAFLOW,OECD.EDU.IMEP:DSD_EAG_UOE_FIN@DF_UOE_FIN_INDIC_SOURCE_NATURE(3.0),"Full dataset - Indicators, source, destination and nature of expenditure on education",I,BRA,Brazil,EXP,Expenditure on education,ISCED11_5T8,Tertiary education,S13,General government,INST_EDU,All educational institutions,DIR_EXP,Expenditure for educational institutions,V,Current prices,XDC,National currency,SOURCE,FIN1-SOURCE - Source of expenditure on education,2021,,81699.795,,A,Normal value,6,Millions,0,Zero,,,G5,"G5: Government sources, Expenditure of all levels consolidated, Direct expenditure for educational institutions, Total: Direct expenditure for all educational institutions"
DATAFLOW,OECD.EDU.IMEP:DSD_EAG_UOE_FIN@DF_UOE_FIN_INDIC_SOURCE_NATURE(3.0),"Full dataset - Indicators, source, destination and nature of expenditure on education",I,BGR,Bulgaria,EXP,Expenditure on education,ISCED11_5T8,Tertiary education,S13,General government,INST_EDU,All educational institutions,DIR_EXP,Expenditure for educational institutions,V,Current prices,XDC,National currency,SOURCE,FIN1-SOURCE - Source of expenditure on education,2021,,1018.488,,A,Normal value,6,Millions,0,Zero,,,G5,"G5: Government sources, Expenditure of all levels consolidated, Direct expenditure for educational institutions, Total: Direct expenditure for all educational institutions"
DATAFLOW,OECD.EDU.IMEP:DSD_EAG_UOE_FIN@DF_UOE_FIN_INDIC_SOURCE_NATURE(3.0),"Full dataset - Indicators, source, destination and nature of expenditure on education",I,HRV,Croatia,EXP,Expenditure on education,ISCED11_5T8,Tertiary education,S13,General government,INST_EDU,All educational institutions,DIR_EXP,Expenditure for educational institutions,V,Current prices,XDC,National currency,SOURCE,FIN1-SOURCE - Source of expenditure on education,2021,,480.678739398766,,A,Normal value,6,Millions,0,Zero,,,G5,"G5: Government sources, Expenditure of all levels consolidated, Direct expenditure for educational institutions, Total: Direct expenditure for all educational institutions"
DATAFLOW,OECD.EDU.IMEP:DSD_EAG_UOE_FIN@DF_UOE_FIN_INDIC_SOURCE_NATURE(3.0),"Full dataset - Indicators, source, destination and nature of expenditure on education",I,OECD,OECD,EXP,Expenditure on education,ISCED11_5T8,Tertiary education,S13,General government,INST_EDU,All educational institutions,DIR_EXP,Expenditure for educational institutions,V,Current prices,XDC,National currency,SOURCE,FIN1-SOURCE - Source of expenditure on education,2021,,601656.8623,,A,Normal value,6,Millions,0,Zero,,,G5,"G5: Government sources, Expenditure of all levels consolidated, Direct expenditure for educational institutions, Total: Direct expenditure for all educational institutions"
DATAFLOW,OECD.EDU.IMEP:DSD_EAG_UOE_FIN@DF_UOE_FIN_INDIC_SOURCE_NATURE(3.0),"Full dataset - Indicators, source, destination and nature of expenditure on education",I,SAU,Saudi Arabia,EXP,Expenditure on education,ISCED11_5T8,Tertiary education,S13,General government,INST_EDU,All educational institutions,DIR_EXP,Expenditure for educational institutions,V,Current prices,XDC,National currency,SOURCE,FIN1-SOURCE - Source of expenditure on education,2021,,8543.01032958,,A,Normal value,6,Millions,0,Zero,,,G5,"G5: Government sources, Expenditure of all levels consolidated, Direct expenditure for educational institutions, Total: Direct expenditure for all educational institutions"
DATAFLOW,OECD.EDU.IMEP:DSD_EAG_UOE_FIN@DF_UOE_FIN_INDIC_SOURCE_NATURE(3.0),"Full dataset - Indicators, source, destination and nature of expenditure on education",I,PER,Peru,EXP,Expenditure on education,ISCED11_5T8,Tertiary education,S13,General government,INST_EDU,All educational institutions,DIR_EXP,Expenditure for educational institutions,V,Current prices,XDC,National currency,SOURCE,FIN1-SOURCE - Source of expenditure on education,2022,,5026.71003368226,,A,Normal value,6,Millions,0,Zero,,,G5,"G5: Government sources, Expenditure of all levels consolidated, Direct expenditure for educational institutions, Total: Direct expenditure for all educational institutions"
DATAFLOW,OECD.EDU.IMEP:DSD_EAG_UOE_FIN@DF_UOE_FIN_INDIC_SOURCE_NATURE(3.0),"Full dataset - Indicators, source, destination and nature of expenditure on education",I,PER,Peru,EXP,Expenditure on education,ISCED11_5T8,Tertiary education,S13,General government,INST_EDU,All educational institutions,DIR_EXP,Expenditure for educational institutions,V,Current prices,XDC,National currency,SOURCE,FIN1-SOURCE - Source of expenditure on education,2021,,4384.39099407,,A,Normal value,6,Millions,0,Zero,,,G5,"G5: Government sources, Expenditure of all levels consolidated, Direct expenditure for educational institutions, Total: Direct expenditure for all educational institutions"
DATAFLOW,OECD.EDU.IMEP:DSD_EAG_UOE_FIN@DF_UOE_FIN_INDIC_SOURCE_NATURE(3.0),"Full dataset - Indicators, source, destination and nature of expenditure on education",I,ROU,Romania,EXP,Expenditure on education,ISCED11_5T8,Tertiary education,S13,General government,INST_EDU,All educational institutions,DIR_EXP,Expenditure for educational institutions,V,Current prices,XDC,National currency,SOURCE,FIN1-SOURCE - Source of expenditure on education,2021,,8158.84656657,,A,Normal value,6,Millions,0,Zero,,,G5,"G5: Government sources, Expenditure of all levels consolidated, Direct expenditure for educational institutions, Total: Direct expenditure for all educational institutions"
DATAFLOW,OECD.EDU.IMEP:DSD_EAG_UOE_FIN@DF_UOE_FIN_INDIC_SOURCE_NATURE(3.0),"Full dataset - Indicators, source, destination and nature of expenditure on education",I,ZAF,South Africa,EXP,Expenditure on education,ISCED11_5T8,Tertiary education,S13,General government,INST_EDU,All educational institutions,DIR_EXP,Expenditure for educational institutions,V,Current prices,XDC,National currency,SOURCE,FIN1-SOURCE - Source of expenditure on education,2022,,41287.565,,A,Normal value,6,Millions,0,Zero,,,G5,"G5: Government sources, Expenditure of all levels consolidated, Direct expenditure for educational institutions, Total: Direct expenditure for all educational institutions"
DATAFLOW,OECD.EDU.IMEP:DSD_EAG_UOE_FIN@DF_UOE_FIN_INDIC_SOURCE_NATURE(3.0),"Full dataset - Indicators, source, destination and nature of expenditure on education",I,ZAF,South Africa,EXP,Expenditure on education,ISCED11_5T8,Tertiary education,S13,General government,INST_EDU,All educational institutions,DIR_EXP,Expenditure for educational institutions,V,Current prices,XDC,National currency,SOURCE,FIN1-SOURCE - Source of expenditure on education,2021,,40363.287,,A,Normal value,6,Millions,0,Zero,,,G5,"G5: Government sources, Expenditure of all levels consolidated, Direct expenditure for educational institutions, Total: Direct expenditure for all educational institutions"
DATAFLOW,OECD.EDU.IMEP:DSD_EAG_UOE_FIN@DF_UOE_FIN_INDIC_SOURCE_NATURE(3.0),"Full dataset - Indicators, source, destination and nature of expenditure on education",I,IRL,Ireland,EXP,Expenditure on education,ISCED11_5T8,Tertiary education,S13,General government,INST_EDU,All educational institutions,DIR_EXP,Expenditure for educational institutions,V,Current prices,XDC,National currency,SOURCE,FIN1-SOURCE - Source of expenditure on education,2021,,1965.8963201393,,A,Normal value,6,Millions,0,Zero,,,G5,"G5: Government sources, Expenditure of all levels consolidated, Direct expenditure for educational institutions, Total: Direct expenditure for all educational institutions"
DATAFLOW,OECD.EDU.IMEP:DSD_EAG_UOE_FIN@DF_UOE_FIN_INDIC_SOURCE_NATURE(3.0),"Full dataset - Indicators, source, destination and nature of expenditure on education",I,ISR,Israel,EXP,Expenditure on education,ISCED11_5T8,Tertiary education,S13,General government,INST_EDU,All educational institutions,DIR_EXP,Expenditure for educational institutions,V,Current prices,XDC,National currency,SOURCE,FIN1-SOURCE - Source of expenditure on education,2021,,11097,,A,Normal value,6,Millions,0,Zero,,,G5,"G5: Government sources, Expenditure of all levels consolidated, Direct expenditure for educational institutions, Total: Direct expenditure for all educational institutions"
DATAFLOW,OECD.EDU.IMEP:DSD_EAG_UOE_FIN@DF_UOE_FIN_INDIC_SOURCE_NATURE(3.0),"Full dataset - Indicators, source, destination and nature of expenditure on education",I,AUT,Austria,EXP,Expenditure on education,ISCED11_5T8,Tertiary education,S13,General government,INST_EDU,All educational institutions,DIR_EXP,Expenditure for educational institutions,V,Current prices,XDC,National currency,SOURCE,FIN1-SOURCE - Source of expenditure on education,2021,,6762.47940198954,,A,Normal value,6,Millions,0,Zero,,,G5,"G5: Government sources, Expenditure of all levels consolidated, Direct expenditure for educational institutions, Total: Direct expenditure for all educational institutions"
DATAFLOW,OECD.EDU.IMEP:DSD_EAG_UOE_FIN@DF_UOE_FIN_INDIC_SOURCE_NATURE(3.0),"Full dataset - Indicators, source, destination and nature of expenditure on education",I,BEL,Belgium,EXP,Expenditure on education,ISCED11_5T8,Tertiary education,S13,General government,INST_EDU,All educational institutions,DIR_EXP,Expenditure for educational institutions,V,Current prices,XDC,National currency,SOURCE,FIN1-SOURCE - Source of expenditure on education,2021,,6489.58566246371,,A,Normal value,6,Millions,0,Zero,,,G5,"G5: Government sources, Expenditure of all levels consolidated, Direct expenditure for educational institutions, Total: Direct expenditure for all educational institutions"
DATAFLOW,OECD.EDU.IMEP:DSD_EAG_UOE_FIN@DF_UOE_FIN_INDIC_SOURCE_NATURE(3.0),"Full dataset - Indicators, source, destination and nature of expenditure on education",I,KOR,Korea,EXP,Expenditure on education,ISCED11_5T8,Tertiary education,S13,General government,INST_EDU,All educational institutions,DIR_EXP,Expenditure for educational institutions,V,Current prices,XDC,National currency,SOURCE,FIN1-SOURCE - Source of expenditure on education,2021,,14423643.0143753,,A,Normal value,6,Millions,0,Zero,,,G5,"G5: Government sources, Expenditure of all levels consolidated, Direct expenditure for educational institutions, Total: Direct expenditure for all educational institutions"
DATAFLOW,OECD.EDU.IMEP:DSD_EAG_UOE_FIN@DF_UOE_FIN_INDIC_SOURCE_NATURE(3.0),"Full dataset - Indicators, source, destination and nature of expenditure on education",I,LVA,Latvia,EXP,Expenditure on education,ISCED11_5T8,Tertiary education,S13,General government,INST_EDU,All educational institutions,DIR_EXP,Expenditure for educational institutions,V,Current prices,XDC,National currency,SOURCE,FIN1-SOURCE - Source of expenditure on education,2021,,266.058253,,A,Normal value,6,Millions,0,Zero,,,G5,"G5: Government sources, Expenditure of all levels consolidated, Direct expenditure for educational institutions, Total: Direct expenditure for all educational institutions"
DATAFLOW,OECD.EDU.IMEP:DSD_EAG_UOE_FIN@DF_UOE_FIN_INDIC_SOURCE_NATURE(3.0),"Full dataset - Indicators, source, destination and nature of expenditure on education",I,LTU,Lithuania,EXP,Expenditure on education,ISCED11_5T8,Tertiary education,S13,General government,INST_EDU,All educational institutions,DIR_EXP,Expenditure for educational institutions,V,Current prices,XDC,National currency,SOURCE,FIN1-SOURCE - Source of expenditure on education,2021,,441.198,,A,Normal value,6,Millions,0,Zero,,,G5,"G5: Government sources, Expenditure of all levels consolidated, Direct expenditure for educational institutions, Total: Direct expenditure for all educational institutions"
DATAFLOW,OECD.EDU.IMEP:DSD_EAG_UOE_FIN@DF_UOE_FIN_INDIC_SOURCE_NATURE(3.0),"Full dataset - Indicators, source, destination and nature of expenditure on education",I,NZL,New Zealand,EXP,Expenditure on education,ISCED11_5T8,Tertiary education,S13,General government,INST_EDU,All educational institutions,DIR_EXP,Expenditure for educational institutions,V,Current prices,XDC,National currency,SOURCE,FIN1-SOURCE - Source of expenditure on education,2022,,2993.73573303577,,A,Normal value,6,Millions,0,Zero,,,G5,"G5: Government sources, Expenditure of all levels consolidated, Direct expenditure for educational institutions, Total: Direct expenditure for all educational institutions"
DATAFLOW,OECD.EDU.IMEP:DSD_EAG_UOE_FIN@DF_UOE_FIN_INDIC_SOURCE_NATURE(3.0),"Full dataset - Indicators, source, destination and nature of expenditure on education",I,NZL,New Zealand,EXP,Expenditure on education,ISCED11_5T8,Tertiary education,S13,General government,INST_EDU,All educational institutions,DIR_EXP,Expenditure for educational institutions,V,Current prices,XDC,National currency,SOURCE,FIN1-SOURCE - Source of expenditure on education,2021,,3079.81056820491,,A,Normal value,6,Millions,0,Zero,,,G5,"G5: Government sources, Expenditure of all levels consolidated, Direct expenditure for educational institutions, Total: Direct expenditure for all educational institutions"
DATAFLOW,OECD.EDU.IMEP:DSD_EAG_UOE_FIN@DF_UOE_FIN_INDIC_SOURCE_NATURE(3.0),"Full dataset - Indicators, source, destination and nature of expenditure on education",I,NOR,Norway,EXP,Expenditure on education,ISCED11_5T8,Tertiary education,S13,General government,INST_EDU,All educational institutions,DIR_EXP,Expenditure for educational institutions,V,Current prices,XDC,National currency,SOURCE,FIN1-SOURCE - Source of expenditure on education,2021,,56161.236638446,,A,Normal value,6,Millions,0,Zero,,,G5,"G5: Government sources, Expenditure of all levels consolidated, Direct expenditure for educational institutions, Total: Direct expenditure for all educational institutions"
DATAFLOW,OECD.EDU.IMEP:DSD_EAG_UOE_FIN@DF_UOE_FIN_INDIC_SOURCE_NATURE(3.0),"Full dataset - Indicators, source, destination and nature of expenditure on education",I,POL,Poland,EXP,Expenditure on education,ISCED11_5T8,Tertiary education,S13,General government,INST_EDU,All educational institutions,DIR_EXP,Expenditure for educational institutions,V,Current prices,XDC,National currency,SOURCE,FIN1-SOURCE - Source of expenditure on education,2021,,26163.2735502714,,A,Normal value,6,Millions,0,Zero,,,G5,"G5: Government sources, Expenditure of all levels consolidated, Direct expenditure for educational institutions, Total: Direct expenditure for all educational institutions"
DATAFLOW,OECD.EDU.IMEP:DSD_EAG_UOE_FIN@DF_UOE_FIN_INDIC_SOURCE_NATURE(3.0),"Full dataset - Indicators, source, destination and nature of expenditure on education",I,PRT,Portugal,EXP,Expenditure on education,ISCED11_5T8,Tertiary education,S13,General government,INST_EDU,All educational institutions,DIR_EXP,Expenditure for educational institutions,V,Current prices,XDC,National currency,SOURCE,FIN1-SOURCE - Source of expenditure on education,2021,,1606.050327,,A,Normal value,6,Millions,0,Zero,,,G5,"G5: Government sources, Expenditure of all levels consolidated, Direct expenditure for educational institutions, Total: Direct expenditure for all educational institutions"
DATAFLOW,OECD.EDU.IMEP:DSD_EAG_UOE_FIN@DF_UOE_FIN_INDIC_SOURCE_NATURE(3.0),"Full dataset - Indicators, source, destination and nature of expenditure on education",I,SVK,Slovak Republic,EXP,Expenditure on education,ISCED11_5T8,Tertiary education,S13,General government,INST_EDU,All educational institutions,DIR_EXP,Expenditure for educational institutions,V,Current prices,XDC,National currency,SOURCE,FIN1-SOURCE - Source of expenditure on education,2021,,838.565302,,A,Normal value,6,Millions,0,Zero,,,G5,"G5: Government sources, Expenditure of all levels consolidated, Direct expenditure for educational institutions, Total: Direct expenditure for all educational institutions"
DATAFLOW,OECD.EDU.IMEP:DSD_EAG_UOE_FIN@DF_UOE_FIN_INDIC_SOURCE_NATURE(3.0),"Full dataset - Indicators, source, destination and nature of expenditure on education",I,MEX,Mexico,EXP,Expenditure on education,ISCED11_5T8,Tertiary education,S13,General government,INST_EDU,All educational institutions,DIR_EXP,Expenditure for educational institutions,V,Current prices,XDC,National currency,SOURCE,FIN1-SOURCE - Source of expenditure on education,2021,,207719.550015788,,A,Normal value,6,Millions,0,Zero,,,G5,"G5: Government sources, Expenditure of all levels consolidated, Direct expenditure for educational institutions, Total: Direct expenditure for all educational institutions"
DATAFLOW,OECD.EDU.IMEP:DSD_EAG_UOE_FIN@DF_UOE_FIN_INDIC_SOURCE_NATURE(3.0),"Full dataset - Indicators, source, destination and nature of expenditure on education",I,NLD,Netherlands,EXP,Expenditure on education,ISCED11_5T8,Tertiary education,S13,General government,INST_EDU,All educational institutions,DIR_EXP,Expenditure for educational institutions,V,Current prices,XDC,National currency,SOURCE,FIN1-SOURCE - Source of expenditure on education,2021,,11146.9646715576,,A,Normal value,6,Millions,0,Zero,,,G5,"G5: Government sources, Expenditure of all levels consolidated, Direct expenditure for educational institutions, Total: Direct expenditure for all educational institutions"
DATAFLOW,OECD.EDU.IMEP:DSD_EAG_UOE_FIN@DF_UOE_FIN_INDIC_SOURCE_NATURE(3.0),"Full dataset - Indicators, source, destination and nature of expenditure on education",I,ISL,Iceland,EXP,Expenditure on education,ISCED11_5T8,Tertiary education,S13,General government,INST_EDU,All educational institutions,DIR_EXP,Expenditure for educational institutions,V,Current prices,XDC,National currency,SOURCE,FIN1-SOURCE - Source of expenditure on education,2021,,39914.972572407,,W,Includes data from another category,6,Millions,0,Zero,,,G5,"G5: Government sources, Expenditure of all levels consolidated, Direct expenditure for educational institutions, Total: Direct expenditure for all educational institutions"
DATAFLOW,OECD.EDU.IMEP:DSD_EAG_UOE_FIN@DF_UOE_FIN_INDIC_SOURCE_NATURE(3.0),"Full dataset - Indicators, source, destination and nature of expenditure on education",I,FRA,France,EXP,Expenditure on education,ISCED11_5T8,Tertiary education,S13,General government,INST_EDU,All educational institutions,DIR_EXP,Expenditure for educational institutions,V,Current prices,XDC,National currency,SOURCE,FIN1-SOURCE - Source of expenditure on education,2021,,28116.435469536,,A,Normal value,6,Millions,0,Zero,,,G5,"G5: Government sources, Expenditure of all levels consolidated, Direct expenditure for educational institutions, Total: Direct expenditure for all educational institutions"
DATAFLOW,OECD.EDU.IMEP:DSD_EAG_UOE_FIN@DF_UOE_FIN_INDIC_SOURCE_NATURE(3.0),"Full dataset - Indicators, source, destination and nature of expenditure on education",I,IND,India,EXP,Expenditure on education,ISCED11_5T8,Tertiary education,S13,General government,INST_EDU,All educational institutions,DIR_EXP,Expenditure for educational institutions,V,Current prices,XDC,National currency,SOURCE,FIN1-SOURCE - Source of expenditure on education,2021,,,,O,Missing value,6,Millions,0,Zero,,,G5,"G5: Government sources, Expenditure of all levels consolidated, Direct expenditure for educational institutions, Total: Direct expenditure for all educational institutions"
DATAFLOW,OECD.EDU.IMEP:DSD_EAG_UOE_FIN@DF_UOE_FIN_INDIC_SOURCE_NATURE(3.0),"Full dataset - Indicators, source, destination and nature of expenditure on education",I,G20,G20,EXP,Expenditure on education,ISCED11_5T8,Tertiary education,S13,General government,INST_EDU,All educational institutions,DIR_EXP,Expenditure for educational institutions,V,Current prices,XDC,National currency,SOURCE,FIN1-SOURCE - Source of expenditure on education,2022,,,,O,Missing value,6,Millions,0,Zero,,,G5,"G5: Government sources, Expenditure of all levels consolidated, Direct expenditure for educational institutions, Total: Direct expenditure for all educational institutions"
DATAFLOW,OECD.EDU.IMEP:DSD_EAG_UOE_FIN@DF_UOE_FIN_INDIC_SOURCE_NATURE(3.0),"Full dataset - Indicators, source, destination and nature of expenditure on education",I,G20,G20,EXP,Expenditure on education,ISCED11_5T8,Tertiary education,S13,General government,INST_EDU,All educational institutions,DIR_EXP,Expenditure for educational institutions,V,Current prices,XDC,National currency,SOURCE,FIN1-SOURCE - Source of expenditure on education,2021,,,,O,Missing value,6,Millions,0,Zero,,,G5,"G5: Government sources, Expenditure of all levels consolidated, Direct expenditure for educational institutions, Total: Direct expenditure for all educational institutions"
DATAFLOW,OECD.EDU.IMEP:DSD_EAG_UOE_FIN@DF_UOE_FIN_INDIC_SOURCE_NATURE(3.0),"Full dataset - Indicators, source, destination and nature of expenditure on education",I,JPN,Japan,EXP,Expenditure on education,ISCED11_5T8,Tertiary education,S13,General government,INST_EDU,All educational institutions,DIR_EXP,Expenditure for educational institutions,V,Current prices,XDC,National currency,SOURCE,FIN1-SOURCE - Source of expenditure on education,2021,,2811283.35604481,,W,Includes data from another category,6,Millions,0,Zero,,,G5,"G5: Government sources, Expenditure of all levels consolidated, Direct expenditure for educational institutions, Total: Direct expenditure for all educational institutions"
DATAFLOW,OECD.EDU.IMEP:DSD_EAG_UOE_FIN@DF_UOE_FIN_INDIC_SOURCE_NATURE(3.0),"Full dataset - Indicators, source, destination and nature of expenditure on education",I,HUN,Hungary,EXP,Expenditure on education,ISCED11_5T8,Tertiary education,S13,General government,INST_EDU,All educational institutions,DIR_EXP,Expenditure for educational institutions,V,Current prices,XDC,National currency,SOURCE,FIN1-SOURCE - Source of expenditure on education,2021,,668272.967,,B,Time series break,6,Millions,0,Zero,,,G5,"G5: Government sources, Expenditure of all levels consolidated, Direct expenditure for educational institutions, Total: Direct expenditure for all educational institutions"
DATAFLOW,OECD.EDU.IMEP:DSD_EAG_UOE_FIN@DF_UOE_FIN_INDIC_SOURCE_NATURE(3.0),"Full dataset - Indicators, source, destination and nature of expenditure on education",I,CHE,Switzerland,EXP,Expenditure on education,ISCED11_5T8,Tertiary education,S13,General government,INST_EDU,All educational institutions,DIR_EXP,Expenditure for educational institutions,V,Current prices,XDC,National currency,SOURCE,FIN1-SOURCE - Source of expenditure on education,2021,,9423.400621,,A,Normal value,6,Millions,0,Zero,,,G5,"G5: Government sources, Expenditure of all levels consolidated, Direct expenditure for educational institutions, Total: Direct expenditure for all educational institutions"
DATAFLOW,OECD.EDU.IMEP:DSD_EAG_UOE_FIN@DF_UOE_FIN_INDIC_SOURCE_NATURE(3.0),"Full dataset - Indicators, source, destination and nature of expenditure on education",I,TUR,Türkiye,EXP,Expenditure on education,ISCED11_5T8,Tertiary education,S13,General government,INST_EDU,All educational institutions,DIR_EXP,Expenditure for educational institutions,V,Current prices,XDC,National currency,SOURCE,FIN1-SOURCE - Source of expenditure on education,2021,,80468.8774331711,,A,Normal value,6,Millions,0,Zero,,,G5,"G5: Government sources, Expenditure of all levels consolidated, Direct expenditure for educational institutions, Total: Direct expenditure for all educational institutions"
DATAFLOW,OECD.EDU.IMEP:DSD_EAG_UOE_FIN@DF_UOE_FIN_INDIC_SOURCE_NATURE(3.0),"Full dataset - Indicators, source, destination and nature of expenditure on education",I,CAN,Canada,EXP,Expenditure on education,ISCED11_5T8,Tertiary education,S13,General government,INST_EDU,All educational institutions,RD,Expenditure for R&D in educational institutions,V,Current prices,XDC,National currency,SOURCE,FIN1-SOURCE - Source of expenditure on education,2021,,,,K,Data included in another category,6,Millions,0,Zero,,,G5c,"G5c: Government sources, Expenditure of all levels consolidated, Direct expenditure for educational institutions, of G5: Direct expenditure designated for R&D activities"
DATAFLOW,OECD.EDU.IMEP:DSD_EAG_UOE_FIN@DF_UOE_FIN_INDIC_SOURCE_NATURE(3.0),"Full dataset - Indicators, source, destination and nature of expenditure on education",I,ARG,Argentina,EXP,Expenditure on education,ISCED11_5T8,Tertiary education,S13,General government,INST_EDU,All educational institutions,RD,Expenditure for R&D in educational institutions,V,Current prices,XDC,National currency,SOURCE,FIN1-SOURCE - Source of expenditure on education,2021,,,,K,Data included in another category,6,Millions,0,Zero,,,G5c,"G5c: Government sources, Expenditure of all levels consolidated, Direct expenditure for educational institutions, of G5: Direct expenditure designated for R&D activities"
DATAFLOW,OECD.EDU.IMEP:DSD_EAG_UOE_FIN@DF_UOE_FIN_INDIC_SOURCE_NATURE(3.0),"Full dataset - Indicators, source, destination and nature of expenditure on education",I,G20,G20,EXP,Expenditure on education,ISCED11_5T8,Tertiary education,S13,General government,INST_EDU,All educational institutions,RD,Expenditure for R&D in educational institutions,V,Current prices,XDC,National currency,SOURCE,FIN1-SOURCE - Source of expenditure on education,2021,,,,O,Missing value,6,Millions,0,Zero,,,G5c,"G5c: Government sources, Expenditure of all levels consolidated, Direct expenditure for educational institutions, of G5: Direct expenditure designated for R&D activities"
DATAFLOW,OECD.EDU.IMEP:DSD_EAG_UOE_FIN@DF_UOE_FIN_INDIC_SOURCE_NATURE(3.0),"Full dataset - Indicators, source, destination and nature of expenditure on education",I,LUX,Luxembourg,EXP,Expenditure on education,ISCED11_5T8,Tertiary education,S13,General government,INST_EDU,All educational institutions,RD,Expenditure for R&D in educational institutions,V,Current prices,XDC,National currency,SOURCE,FIN1-SOURCE - Source of expenditure on education,2021,,117.840729518993,,A,Normal value,6,Millions,0,Zero,,,G5c,"G5c: Government sources, Expenditure of all levels consolidated, Direct expenditure for educational institutions, of G5: Direct expenditure designated for R&D activities"
DATAFLOW,OECD.EDU.IMEP:DSD_EAG_UOE_FIN@DF_UOE_FIN_INDIC_SOURCE_NATURE(3.0),"Full dataset - Indicators, source, destination and nature of expenditure on education",I,AUT,Austria,EXP,Expenditure on education,ISCED11_5T8,Tertiary education,S13,General government,INST_EDU,All educational institutions,RD,Expenditure for R&D in educational institutions,V,Current prices,XDC,National currency,SOURCE,FIN1-SOURCE - Source of expenditure on education,2021,,2581.353,,A,Normal value,6,Millions,0,Zero,,,G5c,"G5c: Government sources, Expenditure of all levels consolidated, Direct expenditure for educational institutions, of G5: Direct expenditure designated for R&D activities"
DATAFLOW,OECD.EDU.IMEP:DSD_EAG_UOE_FIN@DF_UOE_FIN_INDIC_SOURCE_NATURE(3.0),"Full dataset - Indicators, source, destination and nature of expenditure on education",I,LVA,Latvia,EXP,Expenditure on education,ISCED11_5T8,Tertiary education,S13,General government,INST_EDU,All educational institutions,RD,Expenditure for R&D in educational institutions,V,Current prices,XDC,National currency,SOURCE,FIN1-SOURCE - Source of expenditure on education,2021,,72.043563,,A,Normal value,6,Millions,0,Zero,,,G5c,"G5c: Government sources, Expenditure of all levels consolidated, Direct expenditure for educational institutions, of G5: Direct expenditure designated for R&D activities"
DATAFLOW,OECD.EDU.IMEP:DSD_EAG_UOE_FIN@DF_UOE_FIN_INDIC_SOURCE_NATURE(3.0),"Full dataset - Indicators, source, destination and nature of expenditure on education",I,MEX,Mexico,EXP,Expenditure on education,ISCED11_5T8,Tertiary education,S13,General government,INST_EDU,All educational institutions,RD,Expenditure for R&D in educational institutions,V,Current prices,XDC,National currency,SOURCE,FIN1-SOURCE - Source of expenditure on education,2021,,51892.0221310012,,A,Normal value,6,Millions,0,Zero,,,G5c,"G5c: Government sources, Expenditure of all levels consolidated, Direct expenditure for educational institutions, of G5: Direct expenditure designated for R&D activities"
DATAFLOW,OECD.EDU.IMEP:DSD_EAG_UOE_FIN@DF_UOE_FIN_INDIC_SOURCE_NATURE(3.0),"Full dataset - Indicators, source, destination and nature of expenditure on education",I,SVK,Slovak Republic,EXP,Expenditure on education,ISCED11_5T8,Tertiary education,S13,General government,INST_EDU,All educational institutions,RD,Expenditure for R&D in educational institutions,V,Current prices,XDC,National currency,SOURCE,FIN1-SOURCE - Source of expenditure on education,2021,,267.999056,,A,Normal value,6,Millions,0,Zero,,,G5c,"G5c: Government sources, Expenditure of all levels consolidated, Direct expenditure for educational institutions, of G5: Direct expenditure designated for R&D activities"
DATAFLOW,OECD.EDU.IMEP:DSD_EAG_UOE_FIN@DF_UOE_FIN_INDIC_SOURCE_NATURE(3.0),"Full dataset - Indicators, source, destination and nature of expenditure on education",I,SVN,Slovenia,EXP,Expenditure on education,ISCED11_5T8,Tertiary education,S13,General government,INST_EDU,All educational institutions,RD,Expenditure for R&D in educational institutions,V,Current prices,XDC,National currency,SOURCE,FIN1-SOURCE - Source of expenditure on education,2021,,95.302515,,A,Normal value,6,Millions,0,Zero,,,G5c,"G5c: Government sources, Expenditure of all levels consolidated, Direct expenditure for educational institutions, of G5: Direct expenditure designated for R&D activities"
DATAFLOW,OECD.EDU.IMEP:DSD_EAG_UOE_FIN@DF_UOE_FIN_INDIC_SOURCE_NATURE(3.0),"Full dataset - Indicators, source, destination and nature of expenditure on education",I,AUS,Australia,EXP,Expenditure on education,ISCED11_5T8,Tertiary education,S13,General government,INST_EDU,All educational institutions,RD,Expenditure for R&D in educational institutions,V,Current prices,XDC,National currency,SOURCE,FIN1-SOURCE - Source of expenditure on education,2021,,11110.245,,A,Normal value,6,Millions,0,Zero,,,G5c,"G5c: Government sources, Expenditure of all levels consolidated, Direct expenditure for educational institutions, of G5: Direct expenditure designated for R&D activities"
DATAFLOW,OECD.EDU.IMEP:DSD_EAG_UOE_FIN@DF_UOE_FIN_INDIC_SOURCE_NATURE(3.0),"Full dataset - Indicators, source, destination and nature of expenditure on education",I,DNK,Denmark,EXP,Expenditure on education,ISCED11_5T8,Tertiary education,S13,General government,INST_EDU,All educational institutions,RD,Expenditure for R&D in educational institutions,V,Current prices,XDC,National currency,SOURCE,FIN1-SOURCE - Source of expenditure on education,2021,,18663,,A,Normal value,6,Millions,0,Zero,,,G5c,"G5c: Government sources, Expenditure of all levels consolidated, Direct expenditure for educational institutions, of G5: Direct expenditure designated for R&D activities"
DATAFLOW,OECD.EDU.IMEP:DSD_EAG_UOE_FIN@DF_UOE_FIN_INDIC_SOURCE_NATURE(3.0),"Full dataset - Indicators, source, destination and nature of expenditure on education",I,FIN,Finland,EXP,Expenditure on education,ISCED11_5T8,Tertiary education,S13,General government,INST_EDU,All educational institutions,RD,Expenditure for R&D in educational institutions,V,Current prices,XDC,National currency,SOURCE,FIN1-SOURCE - Source of expenditure on education,2021,,1344.7532,,A,Normal value,6,Millions,0,Zero,,,G5c,"G5c: Government sources, Expenditure of all levels consolidated, Direct expenditure for educational institutions, of G5: Direct expenditure designated for R&D activities"
DATAFLOW,OECD.EDU.IMEP:DSD_EAG_UOE_FIN@DF_UOE_FIN_INDIC_SOURCE_NATURE(3.0),"Full dataset - Indicators, source, destination and nature of expenditure on education",I,FRA,France,EXP,Expenditure on education,ISCED11_5T8,Tertiary education,S13,General government,INST_EDU,All educational institutions,RD,Expenditure for R&D in educational institutions,V,Current prices,XDC,National currency,SOURCE,FIN1-SOURCE - Source of expenditure on education,2021,,8817.44,,A,Normal value,6,Millions,0,Zero,,,G5c,"G5c: Government sources, Expenditure of all levels consolidated, Direct expenditure for educational institutions, of G5: Direct expenditure designated for R&D activities"
DATAFLOW,OECD.EDU.IMEP:DSD_EAG_UOE_FIN@DF_UOE_FIN_INDIC_SOURCE_NATURE(3.0),"Full dataset - Indicators, source, destination and nature of expenditure on education",I,DEU,Germany,EXP,Expenditure on education,ISCED11_5T8,Tertiary education,S13,General government,INST_EDU,All educational institutions,RD,Expenditure for R&D in educational institutions,V,Current prices,XDC,National currency,SOURCE,FIN1-SOURCE - Source of expenditure on education,2021,,17100.87,,A,Normal value,6,Millions,0,Zero,,,G5c,"G5c: Government sources, Expenditure of all levels consolidated, Direct expenditure for educational institutions, of G5: Direct expenditure designated for R&D activities"
DATAFLOW,OECD.EDU.IMEP:DSD_EAG_UOE_FIN@DF_UOE_FIN_INDIC_SOURCE_NATURE(3.0),"Full dataset - Indicators, source, destination and nature of expenditure on education",I,SWE,Sweden,EXP,Expenditure on education,ISCED11_5T8,Tertiary education,S13,General government,INST_EDU,All educational institutions,RD,Expenditure for R&D in educational institutions,V,Current prices,XDC,National currency,SOURCE,FIN1-SOURCE - Source of expenditure on education,2021,,32714,,A,Normal value,6,Millions,0,Zero,,,G5c,"G5c: Government sources, Expenditure of all levels consolidated, Direct expenditure for educational institutions, of G5: Direct expenditure designated for R&D activities"
DATAFLOW,OECD.EDU.IMEP:DSD_EAG_UOE_FIN@DF_UOE_FIN_INDIC_SOURCE_NATURE(3.0),"Full dataset - Indicators, source, destination and nature of expenditure on education",I,BEL,Belgium,EXP,Expenditure on education,ISCED11_5T8,Tertiary education,S13,General government,INST_EDU,All educational institutions,RD,Expenditure for R&D in educational institutions,V,Current prices,XDC,National currency,SOURCE,FIN1-SOURCE - Source of expenditure on education,2021,,2098.96646416375,,A,Normal value,6,Millions,0,Zero,,,G5c,"G5c: Government sources, Expenditure of all levels consolidated, Direct expenditure for educational institutions, of G5: Direct expenditure designated for R&D activities"
DATAFLOW,OECD.EDU.IMEP:DSD_EAG_UOE_FIN@DF_UOE_FIN_INDIC_SOURCE_NATURE(3.0),"Full dataset - Indicators, source, destination and nature of expenditure on education",I,CHL,Chile,EXP,Expenditure on education,ISCED11_5T8,Tertiary education,S13,General government,INST_EDU,All educational institutions,RD,Expenditure for R&D in educational institutions,V,Current prices,XDC,National currency,SOURCE,FIN1-SOURCE - Source of expenditure on education,2021,,197526.8490548,,A,Normal value,6,Millions,0,Zero,,,G5c,"G5c: Government sources, Expenditure of all levels consolidated, Direct expenditure for educational institutions, of G5: Direct expenditure designated for R&D activities"
DATAFLOW,OECD.EDU.IMEP:DSD_EAG_UOE_FIN@DF_UOE_FIN_INDIC_SOURCE_NATURE(3.0),"Full dataset - Indicators, source, destination and nature of expenditure on education",I,CRI,Costa Rica,EXP,Expenditure on education,ISCED11_5T8,Tertiary education,S13,General government,INST_EDU,All educational institutions,RD,Expenditure for R&D in educational institutions,V,Current prices,XDC,National currency,SOURCE,FIN1-SOURCE - Source of expenditure on education,2022,,71.455,,A,Normal value,6,Millions,0,Zero,,,G5c,"G5c: Government sources, Expenditure of all levels consolidated, Direct expenditure for educational institutions, of G5: Direct expenditure designated for R&D activities"
DATAFLOW,OECD.EDU.IMEP:DSD_EAG_UOE_FIN@DF_UOE_FIN_INDIC_SOURCE_NATURE(3.0),"Full dataset - Indicators, source, destination and nature of expenditure on education",I,IND,India,EXP,Expenditure on education,ISCED11_5T8,Tertiary education,S13,General government,INST_EDU,All educational institutions,RD,Expenditure for R&D in educational institutions,V,Current prices,XDC,National currency,SOURCE,FIN1-SOURCE - Source of expenditure on education,2021,,,,K,Data included in another category,6,Millions,0,Zero,,,G5c,"G5c: Government sources, Expenditure of all levels consolidated, Direct expenditure for educational institutions, of G5: Direct expenditure designated for R&D activities"
DATAFLOW,OECD.EDU.IMEP:DSD_EAG_UOE_FIN@DF_UOE_FIN_INDIC_SOURCE_NATURE(3.0),"Full dataset - Indicators, source, destination and nature of expenditure on education",I,PER,Peru,EXP,Expenditure on education,ISCED11_5T8,Tertiary education,S13,General government,INST_EDU,All educational institutions,RD,Expenditure for R&D in educational institutions,V,Current prices,XDC,National currency,SOURCE,FIN1-SOURCE - Source of expenditure on education,2021,,,,K,Data included in another category,6,Millions,0,Zero,,,G5c,"G5c: Government sources, Expenditure of all levels consolidated, Direct expenditure for educational institutions, of G5: Direct expenditure designated for R&D activities"
DATAFLOW,OECD.EDU.IMEP:DSD_EAG_UOE_FIN@DF_UOE_FIN_INDIC_SOURCE_NATURE(3.0),"Full dataset - Indicators, source, destination and nature of expenditure on education",I,SAU,Saudi Arabia,EXP,Expenditure on education,ISCED11_5T8,Tertiary education,S13,General government,INST_EDU,All educational institutions,RD,Expenditure for R&D in educational institutions,V,Current prices,XDC,National currency,SOURCE,FIN1-SOURCE - Source of expenditure on education,2021,,,,K,Data included in another category,6,Millions,0,Zero,,,G5c,"G5c: Government sources, Expenditure of all levels consolidated, Direct expenditure for educational institutions, of G5: Direct expenditure designated for R&D activities"
DATAFLOW,OECD.EDU.IMEP:DSD_EAG_UOE_FIN@DF_UOE_FIN_INDIC_SOURCE_NATURE(3.0),"Full dataset - Indicators, source, destination and nature of expenditure on education",I,ZAF,South Africa,EXP,Expenditure on education,ISCED11_5T8,Tertiary education,S13,General government,INST_EDU,All educational institutions,RD,Expenditure for R&D in educational institutions,V,Current prices,XDC,National currency,SOURCE,FIN1-SOURCE - Source of expenditure on education,2022,,,,K,Data included in another category,6,Millions,0,Zero,,,G5c,"G5c: Government sources, Expenditure of all levels consolidated, Direct expenditure for educational institutions, of G5: Direct expenditure designated for R&D activities"
DATAFLOW,OECD.EDU.IMEP:DSD_EAG_UOE_FIN@DF_UOE_FIN_INDIC_SOURCE_NATURE(3.0),"Full dataset - Indicators, source, destination and nature of expenditure on education",I,ZAF,South Africa,EXP,Expenditure on education,ISCED11_5T8,Tertiary education,S13,General government,INST_EDU,All educational institutions,RD,Expenditure for R&D in educational institutions,V,Current prices,XDC,National currency,SOURCE,FIN1-SOURCE - Source of expenditure on education,2021,,,,K,Data included in another category,6,Millions,0,Zero,,,G5c,"G5c: Government sources, Expenditure of all levels consolidated, Direct expenditure for educational institutions, of G5: Direct expenditure designated for R&D activities"
DATAFLOW,OECD.EDU.IMEP:DSD_EAG_UOE_FIN@DF_UOE_FIN_INDIC_SOURCE_NATURE(3.0),"Full dataset - Indicators, source, destination and nature of expenditure on education",I,ISL,Iceland,EXP,Expenditure on education,ISCED11_5T8,Tertiary education,S13,General government,INST_EDU,All educational institutions,RD,Expenditure for R&D in educational institutions,V,Current prices,XDC,National currency,SOURCE,FIN1-SOURCE - Source of expenditure on education,2021,,,,K,Data included in another category,6,Millions,0,Zero,,,G5c,"G5c: Government sources, Expenditure of all levels consolidated, Direct expenditure for educational institutions, of G5: Direct expenditure designated for R&D activities"
DATAFLOW,OECD.EDU.IMEP:DSD_EAG_UOE_FIN@DF_UOE_FIN_INDIC_SOURCE_NATURE(3.0),"Full dataset - Indicators, source, destination and nature of expenditure on education",I,CHE,Switzerland,EXP,Expenditure on education,ISCED11_5T8,Tertiary education,S13,General government,INST_EDU,All educational institutions,RD,Expenditure for R&D in educational institutions,V,Current prices,XDC,National currency,SOURCE,FIN1-SOURCE - Source of expenditure on education,2021,,4835.19566,,A,Normal value,6,Millions,0,Zero,,,G5c,"G5c: Government sources, Expenditure of all levels consolidated, Direct expenditure for educational institutions, of G5: Direct expenditure designated for R&D activities"
DATAFLOW,OECD.EDU.IMEP:DSD_EAG_UOE_FIN@DF_UOE_FIN_INDIC_SOURCE_NATURE(3.0),"Full dataset - Indicators, source, destination and nature of expenditure on education",I,TUR,Türkiye,EXP,Expenditure on education,ISCED11_5T8,Tertiary education,S13,General government,INST_EDU,All educational institutions,RD,Expenditure for R&D in educational institutions,V,Current prices,XDC,National currency,SOURCE,FIN1-SOURCE - Source of expenditure on education,2021,,24367.6981599947,,A,Normal value,6,Millions,0,Zero,,,G5c,"G5c: Government sources, Expenditure of all levels consolidated, Direct expenditure for educational institutions, of G5: Direct expenditure designated for R&D activities"
DATAFLOW,OECD.EDU.IMEP:DSD_EAG_UOE_FIN@DF_UOE_FIN_INDIC_SOURCE_NATURE(3.0),"Full dataset - Indicators, source, destination and nature of expenditure on education",I,GBR,United Kingdom,EXP,Expenditure on education,ISCED11_5T8,Tertiary education,S13,General government,INST_EDU,All educational institutions,RD,Expenditure for R&D in educational institutions,V,Current prices,XDC,National currency,SOURCE,FIN1-SOURCE - Source of expenditure on education,2021,,5982.244,,A,Normal value,6,Millions,0,Zero,,,G5c,"G5c: Government sources, Expenditure of all levels consolidated, Direct expenditure for educational institutions, of G5: Direct expenditure designated for R&D activities"
DATAFLOW,OECD.EDU.IMEP:DSD_EAG_UOE_FIN@DF_UOE_FIN_INDIC_SOURCE_NATURE(3.0),"Full dataset - Indicators, source, destination and nature of expenditure on education",I,USA,United States,EXP,Expenditure on education,ISCED11_5T8,Tertiary education,S13,General government,INST_EDU,All educational institutions,RD,Expenditure for R&D in educational institutions,V,Current prices,XDC,National currency,SOURCE,FIN1-SOURCE - Source of expenditure on education,2021,,40167.6443982911,,A,Normal value,6,Millions,0,Zero,,,G5c,"G5c: Government sources, Expenditure of all levels consolidated, Direct expenditure for educational institutions, of G5: Direct expenditure designated for R&D activities"
DATAFLOW,OECD.EDU.IMEP:DSD_EAG_UOE_FIN@DF_UOE_FIN_INDIC_SOURCE_NATURE(3.0),"Full dataset - Indicators, source, destination and nature of expenditure on education",I,EU25,European Union (25 countries),EXP,Expenditure on education,ISCED11_5T8,Tertiary education,S13,General government,INST_EDU,All educational institutions,RD,Expenditure for R&D in educational institutions,V,Current prices,XDC,National currency,SOURCE,FIN1-SOURCE - Source of expenditure on education,2021,,10457.70025,,A,Normal value,6,Millions,0,Zero,,,G5c,"G5c: Government sources, Expenditure of all levels consolidated, Direct expenditure for educational institutions, of G5: Direct expenditure designated for R&D activities"
DATAFLOW,OECD.EDU.IMEP:DSD_EAG_UOE_FIN@DF_UOE_FIN_INDIC_SOURCE_NATURE(3.0),"Full dataset - Indicators, source, destination and nature of expenditure on education",I,OECD,OECD,EXP,Expenditure on education,ISCED11_5T8,Tertiary education,S13,General government,INST_EDU,All educational institutions,RD,Expenditure for R&D in educational institutions,V,Current prices,XDC,National currency,SOURCE,FIN1-SOURCE - Source of expenditure on education,2021,,185748.4096,,A,Normal value,6,Millions,0,Zero,,,G5c,"G5c: Government sources, Expenditure of all levels consolidated, Direct expenditure for educational institutions, of G5: Direct expenditure designated for R&D activities"
DATAFLOW,OECD.EDU.IMEP:DSD_EAG_UOE_FIN@DF_UOE_FIN_INDIC_SOURCE_NATURE(3.0),"Full dataset - Indicators, source, destination and nature of expenditure on education",I,BRA,Brazil,EXP,Expenditure on education,ISCED11_5T8,Tertiary education,S13,General government,INST_EDU,All educational institutions,RD,Expenditure for R&D in educational institutions,V,Current prices,XDC,National currency,SOURCE,FIN1-SOURCE - Source of expenditure on education,2021,,12081.9198,,A,Normal value,6,Millions,0,Zero,,,G5c,"G5c: Government sources, Expenditure of all levels consolidated, Direct expenditure for educational institutions, of G5: Direct expenditure designated for R&D activities"
DATAFLOW,OECD.EDU.IMEP:DSD_EAG_UOE_FIN@DF_UOE_FIN_INDIC_SOURCE_NATURE(3.0),"Full dataset - Indicators, source, destination and nature of expenditure on education",I,BGR,Bulgaria,EXP,Expenditure on education,ISCED11_5T8,Tertiary education,S13,General government,INST_EDU,All educational institutions,RD,Expenditure for R&D in educational institutions,V,Current prices,XDC,National currency,SOURCE,FIN1-SOURCE - Source of expenditure on education,2021,,38.81,,A,Normal value,6,Millions,0,Zero,,,G5c,"G5c: Government sources, Expenditure of all levels consolidated, Direct expenditure for educational institutions, of G5: Direct expenditure designated for R&D activities"
DATAFLOW,OECD.EDU.IMEP:DSD_EAG_UOE_FIN@DF_UOE_FIN_INDIC_SOURCE_NATURE(3.0),"Full dataset - Indicators, source, destination and nature of expenditure on education",I,EST,Estonia,EXP,Expenditure on education,ISCED11_5T8,Tertiary education,S13,General government,INST_EDU,All educational institutions,RD,Expenditure for R&D in educational institutions,V,Current prices,XDC,National currency,SOURCE,FIN1-SOURCE - Source of expenditure on education,2021,,134.822,,A,Normal value,6,Millions,0,Zero,,,G5c,"G5c: Government sources, Expenditure of all levels consolidated, Direct expenditure for educational institutions, of G5: Direct expenditure designated for R&D activities"
DATAFLOW,OECD.EDU.IMEP:DSD_EAG_UOE_FIN@DF_UOE_FIN_INDIC_SOURCE_NATURE(3.0),"Full dataset - Indicators, source, destination and nature of expenditure on education",I,ROU,Romania,EXP,Expenditure on education,ISCED11_5T8,Tertiary education,S13,General government,INST_EDU,All educational institutions,RD,Expenditure for R&D in educational institutions,V,Current prices,XDC,National currency,SOURCE,FIN1-SOURCE - Source of expenditure on education,2021,,23.094,,A,Normal value,6,Millions,0,Zero,,,G5c,"G5c: Government sources, Expenditure of all levels consolidated, Direct expenditure for educational institutions, of G5: Direct expenditure designated for R&D activities"
DATAFLOW,OECD.EDU.IMEP:DSD_EAG_UOE_FIN@DF_UOE_FIN_INDIC_SOURCE_NATURE(3.0),"Full dataset - Indicators, source, destination and nature of expenditure on education",I,PER,Peru,EXP,Expenditure on education,ISCED11_5T8,Tertiary education,S13,General government,INST_EDU,All educational institutions,RD,Expenditure for R&D in educational institutions,V,Current prices,XDC,National currency,SOURCE,FIN1-SOURCE - Source of expenditure on education,2022,,87.5500557544378,,A,Normal value,6,Millions,0,Zero,,,G5c,"G5c: Government sources, Expenditure of all levels consolidated, Direct expenditure for educational institutions, of G5: Direct expenditure designated for R&D activities"
DATAFLOW,OECD.EDU.IMEP:DSD_EAG_UOE_FIN@DF_UOE_FIN_INDIC_SOURCE_NATURE(3.0),"Full dataset - Indicators, source, destination and nature of expenditure on education",I,IRL,Ireland,EXP,Expenditure on education,ISCED11_5T8,Tertiary education,S13,General government,INST_EDU,All educational institutions,RD,Expenditure for R&D in educational institutions,V,Current prices,XDC,National currency,SOURCE,FIN1-SOURCE - Source of expenditure on education,2021,,608.522,,A,Normal value,6,Millions,0,Zero,,,G5c,"G5c: Government sources, Expenditure of all levels consolidated, Direct expenditure for educational institutions, of G5: Direct expenditure designated for R&D activities"
DATAFLOW,OECD.EDU.IMEP:DSD_EAG_UOE_FIN@DF_UOE_FIN_INDIC_SOURCE_NATURE(3.0),"Full dataset - Indicators, source, destination and nature of expenditure on education",I,ITA,Italy,EXP,Expenditure on education,ISCED11_5T8,Tertiary education,S13,General government,INST_EDU,All educational institutions,RD,Expenditure for R&D in educational institutions,V,Current prices,XDC,National currency,SOURCE,FIN1-SOURCE - Source of expenditure on education,2021,,4757.26143285575,,A,Normal value,6,Millions,0,Zero,,,G5c,"G5c: Government sources, Expenditure of all levels consolidated, Direct expenditure for educational institutions, of G5: Direct expenditure designated for R&D activities"
DATAFLOW,OECD.EDU.IMEP:DSD_EAG_UOE_FIN@DF_UOE_FIN_INDIC_SOURCE_NATURE(3.0),"Full dataset - Indicators, source, destination and nature of expenditure on education",I,KOR,Korea,EXP,Expenditure on education,ISCED11_5T8,Tertiary education,S13,General government,INST_EDU,All educational institutions,RD,Expenditure for R&D in educational institutions,V,Current prices,XDC,National currency,SOURCE,FIN1-SOURCE - Source of expenditure on education,2021,,5346580.44079825,,A,Normal value,6,Millions,0,Zero,,,G5c,"G5c: Government sources, Expenditure of all levels consolidated, Direct expenditure for educational institutions, of G5: Direct expenditure designated for R&D activities"
DATAFLOW,OECD.EDU.IMEP:DSD_EAG_UOE_FIN@DF_UOE_FIN_INDIC_SOURCE_NATURE(3.0),"Full dataset - Indicators, source, destination and nature of expenditure on education",I,LTU,Lithuania,EXP,Expenditure on education,ISCED11_5T8,Tertiary education,S13,General government,INST_EDU,All educational institutions,RD,Expenditure for R&D in educational institutions,V,Current prices,XDC,National currency,SOURCE,FIN1-SOURCE - Source of expenditure on education,2021,,157.697,,A,Normal value,6,Millions,0,Zero,,,G5c,"G5c: Government sources, Expenditure of all levels consolidated, Direct expenditure for educational institutions, of G5: Direct expenditure designated for R&D activities"
DATAFLOW,OECD.EDU.IMEP:DSD_EAG_UOE_FIN@DF_UOE_FIN_INDIC_SOURCE_NATURE(3.0),"Full dataset - Indicators, source, destination and nature of expenditure on education",I,NZL,New Zealand,EXP,Expenditure on education,ISCED11_5T8,Tertiary education,S13,General government,INST_EDU,All educational institutions,RD,Expenditure for R&D in educational institutions,V,Current prices,XDC,National currency,SOURCE,FIN1-SOURCE - Source of expenditure on education,2021,,806,,A,Normal value,6,Millions,0,Zero,,,G5c,"G5c: Government sources, Expenditure of all levels consolidated, Direct expenditure for educational institutions, of G5: Direct expenditure designated for R&D activities"
DATAFLOW,OECD.EDU.IMEP:DSD_EAG_UOE_FIN@DF_UOE_FIN_INDIC_SOURCE_NATURE(3.0),"Full dataset - Indicators, source, destination and nature of expenditure on education",I,NOR,Norway,EXP,Expenditure on education,ISCED11_5T8,Tertiary education,S13,General government,INST_EDU,All educational institutions,RD,Expenditure for R&D in educational institutions,V,Current prices,XDC,National currency,SOURCE,FIN1-SOURCE - Source of expenditure on education,2021,,20153,,A,Normal value,6,Millions,0,Zero,,,G5c,"G5c: Government sources, Expenditure of all levels consolidated, Direct expenditure for educational institutions, of G5: Direct expenditure designated for R&D activities"
DATAFLOW,OECD.EDU.IMEP:DSD_EAG_UOE_FIN@DF_UOE_FIN_INDIC_SOURCE_NATURE(3.0),"Full dataset - Indicators, source, destination and nature of expenditure on education",I,POL,Poland,EXP,Expenditure on education,ISCED11_5T8,Tertiary education,S13,General government,INST_EDU,All educational institutions,RD,Expenditure for R&D in educational institutions,V,Current prices,XDC,National currency,SOURCE,FIN1-SOURCE - Source of expenditure on education,2021,,8882.272,,A,Normal value,6,Millions,0,Zero,,,G5c,"G5c: Government sources, Expenditure of all levels consolidated, Direct expenditure for educational institutions, of G5: Direct expenditure designated for R&D activities"
DATAFLOW,OECD.EDU.IMEP:DSD_EAG_UOE_FIN@DF_UOE_FIN_INDIC_SOURCE_NATURE(3.0),"Full dataset - Indicators, source, destination and nature of expenditure on education",I,PRT,Portugal,EXP,Expenditure on education,ISCED11_5T8,Tertiary education,S13,General government,INST_EDU,All educational institutions,RD,Expenditure for R&D in educational institutions,V,Current prices,XDC,National currency,SOURCE,FIN1-SOURCE - Source of expenditure on education,2021,,699.244769,,A,Normal value,6,Millions,0,Zero,,,G5c,"G5c: Government sources, Expenditure of all levels consolidated, Direct expenditure for educational institutions, of G5: Direct expenditure designated for R&D activities"
DATAFLOW,OECD.EDU.IMEP:DSD_EAG_UOE_FIN@DF_UOE_FIN_INDIC_SOURCE_NATURE(3.0),"Full dataset - Indicators, source, destination and nature of expenditure on education",I,NLD,Netherlands,EXP,Expenditure on education,ISCED11_5T8,Tertiary education,S13,General government,INST_EDU,All educational institutions,RD,Expenditure for R&D in educational institutions,V,Current prices,XDC,National currency,SOURCE,FIN1-SOURCE - Source of expenditure on education,2021,,4404.8,,A,Normal value,6,Millions,0,Zero,,,G5c,"G5c: Government sources, Expenditure of all levels consolidated, Direct expenditure for educational institutions, of G5: Direct expenditure designated for R&D activities"
DATAFLOW,OECD.EDU.IMEP:DSD_EAG_UOE_FIN@DF_UOE_FIN_INDIC_SOURCE_NATURE(3.0),"Full dataset - Indicators, source, destination and nature of expenditure on education",I,NZL,New Zealand,EXP,Expenditure on education,ISCED11_5T8,Tertiary education,S13,General government,INST_EDU,All educational institutions,RD,Expenditure for R&D in educational institutions,V,Current prices,XDC,National currency,SOURCE,FIN1-SOURCE - Source of expenditure on education,2022,,878,,A,Normal value,6,Millions,0,Zero,,,G5c,"G5c: Government sources, Expenditure of all levels consolidated, Direct expenditure for educational institutions, of G5: Direct expenditure designated for R&D activities"
DATAFLOW,OECD.EDU.IMEP:DSD_EAG_UOE_FIN@DF_UOE_FIN_INDIC_SOURCE_NATURE(3.0),"Full dataset - Indicators, source, destination and nature of expenditure on education",I,HRV,Croatia,EXP,Expenditure on education,ISCED11_5T8,Tertiary education,S13,General government,INST_EDU,All educational institutions,RD,Expenditure for R&D in educational institutions,V,Current prices,XDC,National currency,SOURCE,FIN1-SOURCE - Source of expenditure on education,2021,,,,M,Missing value; data cannot exist,6,Millions,0,Zero,,,G5c,"G5c: Government sources, Expenditure of all levels consolidated, Direct expenditure for educational institutions, of G5: Direct expenditure designated for R&D activities"
DATAFLOW,OECD.EDU.IMEP:DSD_EAG_UOE_FIN@DF_UOE_FIN_INDIC_SOURCE_NATURE(3.0),"Full dataset - Indicators, source, destination and nature of expenditure on education",I,G20,G20,EXP,Expenditure on education,ISCED11_5T8,Tertiary education,S13,General government,INST_EDU,All educational institutions,RD,Expenditure for R&D in educational institutions,V,Current prices,XDC,National currency,SOURCE,FIN1-SOURCE - Source of expenditure on education,2022,,,,O,Missing value,6,Millions,0,Zero,,,G5c,"G5c: Government sources, Expenditure of all levels consolidated, Direct expenditure for educational institutions, of G5: Direct expenditure designated for R&D activities"
DATAFLOW,OECD.EDU.IMEP:DSD_EAG_UOE_FIN@DF_UOE_FIN_INDIC_SOURCE_NATURE(3.0),"Full dataset - Indicators, source, destination and nature of expenditure on education",I,ISR,Israel,EXP,Expenditure on education,ISCED11_5T8,Tertiary education,S13,General government,INST_EDU,All educational institutions,RD,Expenditure for R&D in educational institutions,V,Current prices,XDC,National currency,SOURCE,FIN1-SOURCE - Source of expenditure on education,2021,,,,K,Data included in another category,6,Millions,0,Zero,,,G5c,"G5c: Government sources, Expenditure of all levels consolidated, Direct expenditure for educational institutions, of G5: Direct expenditure designated for R&D activities"
DATAFLOW,OECD.EDU.IMEP:DSD_EAG_UOE_FIN@DF_UOE_FIN_INDIC_SOURCE_NATURE(3.0),"Full dataset - Indicators, source, destination and nature of expenditure on education",I,HUN,Hungary,EXP,Expenditure on education,ISCED11_5T8,Tertiary education,S13,General government,INST_EDU,All educational institutions,RD,Expenditure for R&D in educational institutions,V,Current prices,XDC,National currency,SOURCE,FIN1-SOURCE - Source of expenditure on education,2021,,113270,,B,Time series break,6,Millions,0,Zero,,,G5c,"G5c: Government sources, Expenditure of all levels consolidated, Direct expenditure for educational institutions, of G5: Direct expenditure designated for R&D activities"
DATAFLOW,OECD.EDU.IMEP:DSD_EAG_UOE_FIN@DF_UOE_FIN_INDIC_SOURCE_NATURE(3.0),"Full dataset - Indicators, source, destination and nature of expenditure on education",I,CZE,Czechia,EXP,Expenditure on education,ISCED11_5T8,Tertiary education,S13,General government,INST_EDU,All educational institutions,RD,Expenditure for R&D in educational institutions,V,Current prices,XDC,National currency,SOURCE,FIN1-SOURCE - Source of expenditure on education,2021,,19820.2231132476,,A,Normal value,6,Millions,0,Zero,,,G5c,"G5c: Government sources, Expenditure of all levels consolidated, Direct expenditure for educational institutions, of G5: Direct expenditure designated for R&D activities"
DATAFLOW,OECD.EDU.IMEP:DSD_EAG_UOE_FIN@DF_UOE_FIN_INDIC_SOURCE_NATURE(3.0),"Full dataset - Indicators, source, destination and nature of expenditure on education",I,ESP,Spain,EXP,Expenditure on education,ISCED11_5T8,Tertiary education,S13,General government,INST_EDU,All educational institutions,RD,Expenditure for R&D in educational institutions,V,Current prices,XDC,National currency,SOURCE,FIN1-SOURCE - Source of expenditure on education,2021,,3856.791,,A,Normal value,6,Millions,0,Zero,,,G5c,"G5c: Government sources, Expenditure of all levels consolidated, Direct expenditure for educational institutions, of G5: Direct expenditure designated for R&D activities"
DATAFLOW,OECD.EDU.IMEP:DSD_EAG_UOE_FIN@DF_UOE_FIN_INDIC_SOURCE_NATURE(3.0),"Full dataset - Indicators, source, destination and nature of expenditure on education",I,CRI,Costa Rica,EXP,Expenditure on education,ISCED11_5T8,Tertiary education,S13,General government,INST_EDU,All educational institutions,RD,Expenditure for R&D in educational institutions,V,Current prices,XDC,National currency,SOURCE,FIN1-SOURCE - Source of expenditure on education,2021,,62.56484,,A,Normal value,6,Millions,0,Zero,,,G5c,"G5c: Government sources, Expenditure of all levels consolidated, Direct expenditure for educational institutions, of G5: Direct expenditure designated for R&D activities"
DATAFLOW,OECD.EDU.IMEP:DSD_EAG_UOE_FIN@DF_UOE_FIN_INDIC_SOURCE_NATURE(3.0),"Full dataset - Indicators, source, destination and nature of expenditure on education",I,OECD,OECD,EXP,Expenditure on education,ISCED11_5T8,Tertiary education,S13,General government,INST_EDU,All educational institutions,RD,Expenditure for R&D in educational institutions,V,Current prices,XDC,National currency,SOURCE,FIN1-SOURCE - Source of expenditure on education,2022,,,,O,Missing value,6,Millions,0,Zero,,,G5c,"G5c: Government sources, Expenditure of all levels consolidated, Direct expenditure for educational institutions, of G5: Direct expenditure designated for R&D activities"
DATAFLOW,OECD.EDU.IMEP:DSD_EAG_UOE_FIN@DF_UOE_FIN_INDIC_SOURCE_NATURE(3.0),"Full dataset - Indicators, source, destination and nature of expenditure on education",I,GBR,United Kingdom,EXP,Expenditure on education,ISCED11_5T8,Tertiary education,S13,General government,INST_EDU,All educational institutions,DIR_EXP,Expenditure for educational institutions,V,Current prices,XDC,National currency,SOURCE,FIN1-SOURCE - Source of expenditure on education,2021,,11202.0156318734,,A,Normal value,6,Millions,0,Zero,,,G5,"G5: Government sources, Expenditure of all levels consolidated, Direct expenditure for educational institutions, Total: Direct expenditure for all educational institutions"
DATAFLOW,OECD.EDU.IMEP:DSD_EAG_UOE_FIN@DF_UOE_FIN_INDIC_SOURCE_NATURE(3.0),"Full dataset - Indicators, source, destination and nature of expenditure on education",I,JPN,Japan,EXP,Expenditure on education,ISCED11_5T8,Tertiary education,S13,General government,INST_EDU,All educational institutions,RD,Expenditure for R&D in educational institutions,V,Current prices,XDC,National currency,SOURCE,FIN1-SOURCE - Source of expenditure on education,2021,,,,K,Data included in another category,6,Millions,0,Zero,,,G5c,"G5c: Government sources, Expenditure of all levels consolidated, Direct expenditure for educational institutions, of G5: Direct expenditure designated for R&D activities"
